{
    "BACKGROUND_Google": {
        "precision": 0.951276102088167,
        "recall": 0.8779443254817987,
        "f1-score": 0.9131403118040089,
        "support": 467.0
    },
    "Faces": {
        "precision": 0.9908883826879271,
        "recall": 1.0,
        "f1-score": 0.9954233409610984,
        "support": 435.0
    },
    "Faces_easy": {
        "precision": 0.9885321100917431,
        "recall": 0.9908045977011494,
        "f1-score": 0.9896670493685419,
        "support": 435.0
    },
    "Leopards": {
        "precision": 0.9950248756218906,
        "recall": 1.0,
        "f1-score": 0.9975062344139651,
        "support": 200.0
    },
    "Motorbikes": {
        "precision": 1.0,
        "recall": 0.993734335839599,
        "f1-score": 0.9968573224387178,
        "support": 798.0
    },
    "accordion": {
        "precision": 1.0,
        "recall": 1.0,
        "f1-score": 1.0,
        "support": 55.0
    },
    "airplanes": {
        "precision": 0.9962453066332916,
        "recall": 0.995,
        "f1-score": 0.9956222639149468,
        "support": 800.0
    },
    "anchor": {
        "precision": 0.975609756097561,
        "recall": 0.9523809523809523,
        "f1-score": 0.963855421686747,
        "support": 42.0
    },
    "ant": {
        "precision": 0.8163265306122449,
        "recall": 0.9523809523809523,
        "f1-score": 0.8791208791208791,
        "support": 42.0
    },
    "barrel": {
        "precision": 1.0,
        "recall": 1.0,
        "f1-score": 1.0,
        "support": 47.0
    },
    "bass": {
        "precision": 1.0,
        "recall": 0.9259259259259259,
        "f1-score": 0.9615384615384616,
        "support": 54.0
    },
    "beaver": {
        "precision": 0.975609756097561,
        "recall": 0.8695652173913043,
        "f1-score": 0.9195402298850575,
        "support": 46.0
    },
    "binocular": {
        "precision": 1.0,
        "recall": 0.8787878787878788,
        "f1-score": 0.9354838709677419,
        "support": 33.0
    },
    "bonsai": {
        "precision": 0.984375,
        "recall": 0.984375,
        "f1-score": 0.984375,
        "support": 128.0
    },
    "brain": {
        "precision": 0.9797979797979798,
        "recall": 0.9897959183673469,
        "f1-score": 0.9847715736040609,
        "support": 98.0
    },
    "brontosaurus": {
        "precision": 1.0,
        "recall": 0.9534883720930233,
        "f1-score": 0.9761904761904762,
        "support": 43.0
    },
    "buddha": {
        "precision": 0.9550561797752809,
        "recall": 1.0,
        "f1-score": 0.9770114942528736,
        "support": 85.0
    },
    "butterfly": {
        "precision": 1.0,
        "recall": 1.0,
        "f1-score": 1.0,
        "support": 91.0
    },
    "camera": {
        "precision": 0.7246376811594203,
        "recall": 1.0,
        "f1-score": 0.8403361344537815,
        "support": 50.0
    },
    "cannon": {
        "precision": 1.0,
        "recall": 0.9767441860465116,
        "f1-score": 0.9882352941176471,
        "support": 43.0
    },
    "car_side": {
        "precision": 1.0,
        "recall": 1.0,
        "f1-score": 1.0,
        "support": 123.0
    },
    "ceiling_fan": {
        "precision": 1.0,
        "recall": 1.0,
        "f1-score": 1.0,
        "support": 47.0
    },
    "cellphone": {
        "precision": 1.0,
        "recall": 0.9830508474576272,
        "f1-score": 0.9914529914529915,
        "support": 59.0
    },
    "chair": {
        "precision": 0.9230769230769231,
        "recall": 0.967741935483871,
        "f1-score": 0.9448818897637795,
        "support": 62.0
    },
    "chandelier": {
        "precision": 0.9724770642201835,
        "recall": 0.9906542056074766,
        "f1-score": 0.9814814814814815,
        "support": 107.0
    },
    "cougar_body": {
        "precision": 0.9583333333333334,
        "recall": 0.9787234042553191,
        "f1-score": 0.968421052631579,
        "support": 47.0
    },
    "cougar_face": {
        "precision": 0.9710144927536232,
        "recall": 0.9710144927536232,
        "f1-score": 0.9710144927536232,
        "support": 69.0
    },
    "crab": {
        "precision": 0.9855072463768116,
        "recall": 0.9315068493150684,
        "f1-score": 0.9577464788732394,
        "support": 73.0
    },
    "crayfish": {
        "precision": 0.8170731707317073,
        "recall": 0.9571428571428572,
        "f1-score": 0.881578947368421,
        "support": 70.0
    },
    "crocodile": {
        "precision": 1.0,
        "recall": 0.84,
        "f1-score": 0.9130434782608695,
        "support": 50.0
    },
    "crocodile_head": {
        "precision": 0.9259259259259259,
        "recall": 0.9803921568627451,
        "f1-score": 0.9523809523809523,
        "support": 51.0
    },
    "cup": {
        "precision": 0.95,
        "recall": 1.0,
        "f1-score": 0.9743589743589743,
        "support": 57.0
    },
    "dalmatian": {
        "precision": 0.8589743589743589,
        "recall": 1.0,
        "f1-score": 0.9241379310344827,
        "support": 67.0
    },
    "dollar_bill": {
        "precision": 0.8387096774193549,
        "recall": 1.0,
        "f1-score": 0.9122807017543859,
        "support": 52.0
    },
    "dolphin": {
        "precision": 1.0,
        "recall": 0.9538461538461539,
        "f1-score": 0.9763779527559056,
        "support": 65.0
    },
    "dragonfly": {
        "precision": 1.0,
        "recall": 0.9558823529411765,
        "f1-score": 0.9774436090225563,
        "support": 68.0
    },
    "electric_guitar": {
        "precision": 0.974025974025974,
        "recall": 1.0,
        "f1-score": 0.9868421052631579,
        "support": 75.0
    },
    "elephant": {
        "precision": 0.6666666666666666,
        "recall": 1.0,
        "f1-score": 0.8,
        "support": 64.0
    },
    "emu": {
        "precision": 0.9636363636363636,
        "recall": 1.0,
        "f1-score": 0.9814814814814815,
        "support": 53.0
    },
    "euphonium": {
        "precision": 1.0,
        "recall": 1.0,
        "f1-score": 1.0,
        "support": 64.0
    },
    "ewer": {
        "precision": 0.9651162790697675,
        "recall": 0.9764705882352941,
        "f1-score": 0.9707602339181286,
        "support": 85.0
    },
    "ferry": {
        "precision": 1.0,
        "recall": 0.9552238805970149,
        "f1-score": 0.9770992366412213,
        "support": 67.0
    },
    "flamingo": {
        "precision": 1.0,
        "recall": 0.9701492537313433,
        "f1-score": 0.9848484848484849,
        "support": 67.0
    },
    "flamingo_head": {
        "precision": 1.0,
        "recall": 0.9555555555555556,
        "f1-score": 0.9772727272727273,
        "support": 45.0
    },
    "garfield": {
        "precision": 0.8648648648648649,
        "recall": 0.9411764705882353,
        "f1-score": 0.9014084507042254,
        "support": 34.0
    },
    "gerenuk": {
        "precision": 0.9166666666666666,
        "recall": 0.9705882352941176,
        "f1-score": 0.9428571428571428,
        "support": 34.0
    },
    "gramophone": {
        "precision": 0.9807692307692307,
        "recall": 1.0,
        "f1-score": 0.9902912621359223,
        "support": 51.0
    },
    "grand_piano": {
        "precision": 1.0,
        "recall": 1.0,
        "f1-score": 1.0,
        "support": 99.0
    },
    "hawksbill": {
        "precision": 1.0,
        "recall": 0.99,
        "f1-score": 0.9949748743718593,
        "support": 100.0
    },
    "headphone": {
        "precision": 1.0,
        "recall": 0.9761904761904762,
        "f1-score": 0.9879518072289156,
        "support": 42.0
    },
    "hedgehog": {
        "precision": 0.9642857142857143,