{
    "top1_accuracy": 0.971347331583552,
    "top5_accuracy": 0.9956255468066492
}